accentuation; accent	การลงน้ำหนัก	๘ มี.ค. ๒๕๔๕
accent; accentuation	การลงน้ำหนัก	๘ มี.ค. ๒๕๔๕
acoustic phonetics	สวนสัทศาสตร์ [สะ-วะ-นะ-สัด-ทะ-สาด], กลสัทศาสตร์	๘ มี.ค. ๒๕๔๕
active articulator	กรณ์	๘ มี.ค. ๒๕๔๕
Adam’s apple	ลูกกระเดือก	๘ มี.ค. ๒๕๔๕
(เสียง)ระหว่างสระ	intervocalic	๘ มี.ค. ๒๕๔๕
ระดับเสียง	pitch	๘ มี.ค. ๒๕๔๕
เส้นเสียง	vocal cords; vocal bands; vocal chords; vocal folds	๘ มี.ค. ๒๕๔๕
เส้นเสียงแท้	true vocal cords; true vocal chords; true vocal folds	๘ มี.ค. ๒๕๔๕
เส้นเสียงไม่แท้	false vocal cords; false vocal chords; false vocal folds; ventricular folds	๘ มี.ค. ๒๕๔๕
เสียง	phone	๘ มี.ค. ๒๕๔๕
เสียงระเบิด	plosive sound; plosive	๘ มี.ค. ๒๕๔๕
(เสียง)ระหว่างสระ	intervocalic	๘ มี.ค. ๒๕๔๕
เสียงเสียดแทรก	fricative sound; fricative	๘ มี.ค. ๒๕๔๕
เสียงรัว	roll sound; roll; trill sound; trill	๘ มี.ค. ๒๕๔๕
เสียงเลื่อน	glide	๘ มี.ค. ๒๕๔๕
เสียงโฆษะ-เสียงก้อง	voiced sound	๘ มี.ค. ๒๕๔๕
เสียงใช้ปลายสุดลิ้น	apical sound; apical	๘ มี.ค. ๒๕๔๕
เสียงใช้ปลายลิ้น	laminal sound; laminal	๘ มี.ค. ๒๕๔๕
เสียงเสียดแทรกแบบร่อง	groove fricative sound; groove fricative	๘ มี.ค. ๒๕๔๕
เสียงเสียดแทรกแบบราบ	slit fricative sound; slit fricative	๘ มี.ค. ๒๕๔๕
เสียงเสียดแทรกอุสุม	sibilant sound; sibilant	๘ มี.ค. ๒๕๔๕
เสียงเสียดแทรกไม่อุสุม	non-sibilant sound; non-sibilant	๘ มี.ค. ๒๕๔๕
เสียงเสียดแทรกข้างลิ้น	lateral fricative sound; lateral fricative	๘ มี.ค. ๒๕๔๕
เสียงเดาะ	click	๘ มี.ค. ๒๕๔๕
เสียงสิถิล	unaspirated sound; unaspirated	๘ มี.ค. ๒๕๔๕
เสียงอโฆษะ, เสียงไม่ก้อง	voiceless sound	๘ มี.ค. ๒๕๔๕
เสียงลิ้นระหว่างฟัน	interdental sound; interdental	๘ มี.ค. ๒๕๔๕
เสียงลิ้นสะบัด	flap sound; flap	๘ มี.ค. ๒๕๔๕
เสียงลิ้นกระทบ	tap sound; tap	๘ มี.ค. ๒๕๔๕
เสียงไม่ก้อง, เสียงอโฆษะ	voiceless sound	๘ มี.ค. ๒๕๔๕
เสียงเปิด	approximant sound; approximant	๘ มี.ค. ๒๕๔๕
เสียงเปิดข้างลิ้น	lateral approximant sound; lateral approximant	๘ มี.ค. ๒๕๔๕
เสียงหยุด	oral stop sound; oral stop; stop sound; stop	๘ มี.ค. ๒๕๔๕
เสียงหยุดสิถิล	unaspirated stop sound; unaspirated stop	๘ มี.ค. ๒๕๔๕
เสียงหยุดธนิต	aspirated stop sound; aspirated stop	๘ มี.ค. ๒๕๔๕
เสียงกระซิบไม่ก้อง	whisper	๘ มี.ค. ๒๕๔๕
เสียงก้อง, เสียงโฆษะ	voiced sound	๘ มี.ค. ๒๕๔๕
เสียงกักเส้นเสียงลมเข้า	implosive	๘ มี.ค. ๒๕๔๕
เสียงกักเส้นเสียงลมออก	ejective	๘ มี.ค. ๒๕๔๕
เสียงกักเสียดแทรก	affricate sound; affricate	๘ มี.ค. ๒๕๔๕
เสียงกักเสียดแทรกสิถิล	unaspirated affricate sound; unaspirated affricate	๘ มี.ค. ๒๕๔๕
เสียงกักเสียดแทรกธนิต	aspirated affricate sound; aspirated affricate	๘ มี.ค. ๒๕๔๕
เสียงกลั้น	occlusive sound; occlusive	๘ มี.ค. ๒๕๔๕
เสียงกึ่งสระ, อรรธสระ	semi-vowel sound; semi-vowel	๘ มี.ค. ๒๕๔๕
เสียงข้างลิ้น	lateral sound; lateral	๘ มี.ค. ๒๕๔๕
เสียงจากเส้นเสียง	glottal sound; glottal	๘ มี.ค. ๒๕๔๕
เสียงจากริมฝีปาก, โอษฐชะ	bilabial sound; bilabial; labial sound; labial	๘ มี.ค. ๒๕๔๕
เสียงจากริมฝีปากกับฟัน	labio-dental sound; labio-dental	๘ มี.ค. ๒๕๔๕
เสียงจากเพดานแข็ง, ตาลุชะ	palatal sound; palatal	๘ มี.ค. ๒๕๔๕
เสียงจากเพดานแข็งปุ่มเหงือก	alveolo-palatal sound; alveolo-palatal	๘ มี.ค. ๒๕๔๕
เสียงจากเพดานอ่อน	velar sound; velar	๘ มี.ค. ๒๕๔๕
เสียงจากลิ้นไก่	uvular sound; uvular	๘ มี.ค. ๒๕๔๕
เสียงพูด	voice	๘ มี.ค. ๒๕๔๕
เสียงพูดลมแทรก	breathy voice	๘ มี.ค. ๒๕๔๕
เสียงพูดกระซิบก้อง	whispery voice	๘ มี.ค. ๒๕๔๕
เสียงพูดต่ำลึก	creaky voice	๘ มี.ค. ๒๕๔๕
เสียงต่ำลึก	creak	๘ มี.ค. ๒๕๔๕
เสียงธนิต	aspirated sound; aspirated	๘ มี.ค. ๒๕๔๕
เสียงนาสิก	nasal sound; nasal; nasal stop sound; nasal stop	๘ มี.ค. ๒๕๔๕
เสียงบีบที่เส้นเสียง	glottalized sound	๘ มี.ค. ๒๕๔๕
เสียงปลายลิ้นม้วน	retroflex sound; retroflex	๘ มี.ค. ๒๕๔๕
เสียงจากช่องคอ	pharyngal sound; pharyngal; pharyngeal sound; pharyngeal	๘ มี.ค. ๒๕๔๕
เสียงจากปุ่มเหงือก	alveolar sound; alveolar	๘ มี.ค. ๒๕๔๕
เสียงจากปุ่มเหงือกเพดานแข็ง	palato-alveolar sound; palato-alveolar	๘ มี.ค. ๒๕๔๕
เสียงจากปุ่มเหงือกกับปลายสุดลิ้น	apico-alveolar sound; apico-alveolar	๘ มี.ค. ๒๕๔๕
เสียงจากปุ่มเหงือกกับปลายลิ้น	lamino-alveolar sound; lamino-alveolar	๘ มี.ค. ๒๕๔๕
เสียงจากฟัน, ทันชะ	dental sound; dental	๘ มี.ค. ๒๕๔๕
เสียงจากฟันกับปลายสุดลิ้น	apico-dental sound; apico-dental	๘ มี.ค. ๒๕๔๕
เสียงจากฟันกับปลายลิ้น	lamino-dental sound; lamino-dental	๘ มี.ค. ๒๕๔๕
เสียงต่อเนื่องไม่เสียดแทรก	frictionless continuant sound; frictionless continuant	๘ มี.ค. ๒๕๔๕
แหล่งกระแสลม	initiator	๘ มี.ค. ๒๕๔๕
โสตสัทศาสตร์	auditory phonetics	๘ มี.ค. ๒๕๔๕
affricate; affricate sound	เสียงกักเสียดแทรก	๘ มี.ค. ๒๕๔๕
affricate sound; affricate	เสียงกักเสียดแทรก	๘ มี.ค. ๒๕๔๕
โอษฐชะ, เสียงจากริมฝีปาก	bilabial sound; bilabial; labial sound; labial	๘ มี.ค. ๒๕๔๕
airstream mechanism	กลไกกระแสลม	๘ มี.ค. ๒๕๔๕
airstream process	กระบวนการกระแสลม	๘ มี.ค. ๒๕๔๕
allophonic transcription; phonetic transcription	การถอดเสียงแสดงสัทลักษณ์	๘ มี.ค. ๒๕๔๕
alveolar; alveolar sound	เสียงจากปุ่มเหงือก	๘ มี.ค. ๒๕๔๕
alveolar ridge; gum ridge	แนวปุ่มเหงือก	๘ มี.ค. ๒๕๔๕
alveolar sound; alveolar	เสียงจากปุ่มเหงือก	๘ มี.ค. ๒๕๔๕
alveolo-palatal; alveolo-palatal sound	เสียงจากเพดานแข็งปุ่มเหงือก	๘ มี.ค. ๒๕๔๕
alveolo-palatal sound; alveolo-palatal	เสียงจากเพดานแข็งปุ่มเหงือก	๘ มี.ค. ๒๕๔๕
amplitude	ความสูงคลื่นเสียง	๘ มี.ค. ๒๕๔๕
ริมฝีปากล่าง	lower lip	๘ มี.ค. ๒๕๔๕
apex; tip of the tongue; tongue tip	ปลายสุดลิ้น	๘ มี.ค. ๒๕๔๕
apical; apical sound	เสียงใช้ปลายสุดลิ้น	๘ มี.ค. ๒๕๔๕
apical sound; apical	เสียงใช้ปลายสุดลิ้น	๘ มี.ค. ๒๕๔๕
apico-alveolar; apico-alveolar sound	เสียงจากปุ่มเหงือกกับปลายสุดลิ้น	๘ มี.ค. ๒๕๔๕
apico-alveolar sound; apico-alveolar	เสียงจากปุ่มเหงือกกับปลายสุดลิ้น	๘ มี.ค. ๒๕๔๕
apico-dental; apico-dental sound	เสียงจากฟันกับปลายสุดลิ้น	๘ มี.ค. ๒๕๔๕
apico-dental sound; apico-dental	เสียงจากฟันกับปลายสุดลิ้น	๘ มี.ค. ๒๕๔๕
approximant; approximant sound	เสียงเปิด	๘ มี.ค. ๒๕๔๕
approximant sound; approximant	เสียงเปิด	๘ มี.ค. ๒๕๔๕
articulation	การออกเสียง	๘ มี.ค. ๒๕๔๕
articulator	ฐานกรณ์	๘ มี.ค. ๒๕๔๕
articulatory phonetics	สรีรสัทศาสตร์	๘ มี.ค. ๒๕๔๕
articulatory process	กระบวนการออกเสียง	๘ มี.ค. ๒๕๔๕
arytenoid cartilage	กระดูกอ่อนแอริทินอยด์	๘ มี.ค. ๒๕๔๕
aspirated; aspirated sound	เสียงธนิต	๘ มี.ค. ๒๕๔๕
aspirated affricate; aspirated affricate sound	เสียงกักเสียดแทรกธนิต	๘ มี.ค. ๒๕๔๕
aspirated affricate sound; aspirated affricate	เสียงกักเสียดแทรกธนิต	๘ มี.ค. ๒๕๔๕
aspirated sound; aspirated	เสียงธนิต	๘ มี.ค. ๒๕๔๕
aspirated stop; aspirated stop sound	เสียงหยุดธนิต	๘ มี.ค. ๒๕๔๕
aspirated stop sound; aspirated stop	เสียงหยุดธนิต	๘ มี.ค. ๒๕๔๕
aspiration	การออกเสียงธนิต	๘ มี.ค. ๒๕๔๕
assimilation	การกลมกลืน(เสียง)	๘ มี.ค. ๒๕๔๕
auditory phonetics	โสตสัทศาสตร์	๘ มี.ค. ๒๕๔๕
เครื่องวัดระดับเสียง	pitch meter	๘ มี.ค. ๒๕๔๕
เครื่องวัดเส้นเสียงสั่น	glottograph; laryngograph	๘ มี.ค. ๒๕๔๕
เครื่องวิเคราะห์คลื่นเสียง	sound spectrograph	๘ มี.ค. ๒๕๔๕
เครื่องหมายเสริมสัทอักษร	diacritic	๘ มี.ค. ๒๕๔๕
เครื่องวัดคลื่นไฟฟ้ากล้ามเนื้อ, อิเล็กทรอไมโอกราฟ	electromyograph	๘ มี.ค. ๒๕๔๕
โคนลิ้น	root of the tongue	๘ มี.ค. ๒๕๔๕
แถบภาพ(เสียง), สเปกตรัม	spectrum	๘ มี.ค. ๒๕๔๕
แถบภาพ(เสียง), สเปกตรัม	spectrum	๘ มี.ค. ๒๕๔๕
แนวปุ่มเหงือก	alveolar ridge; gum ridge	๘ มี.ค. ๒๕๔๕
เพดานแข็ง	hard palate	๘ มี.ค. ๒๕๔๕
เพดานอ่อน	soft palate; velum	๘ มี.ค. ๒๕๔๕
back of the tongue; dorsum	ลิ้นส่วนหลัง	๘ มี.ค. ๒๕๔๕
back vowel	สระหลัง	๘ มี.ค. ๒๕๔๕
bilabial; bilabial sound; labial; labial sound	เสียงจากริมฝีปาก, โอษฐชะ	๘ มี.ค. ๒๕๔๕
bilabial sound; bilabial; labial; labial sound	เสียงจากริมฝีปาก, โอษฐชะ	๘ มี.ค. ๒๕๔๕
blade; blade of the tongue; lamina; tongue blade	ลิ้นส่วนปลาย, ปลายลิ้น	๘ มี.ค. ๒๕๔๕
blade of the tongue; blade; lamina; tongue blade	ลิ้นส่วนปลาย, ปลายลิ้น	๘ มี.ค. ๒๕๔๕
breath group	ช่วงลมหายใจ	๘ มี.ค. ๒๕๔๕
breathy voice	เสียงพูดลมแทรก	๘ มี.ค. ๒๕๔๕
broad transcription	การถอดเสียงแบบกว้าง	๘ มี.ค. ๒๕๔๕
burst	พลังลมฉับพลัน	๘ มี.ค. ๒๕๔๕
cardinal vowels	ชุดสระมาตรฐาน	๘ มี.ค. ๒๕๔๕
central vowel	สระกลางลิ้น	๘ มี.ค. ๒๕๔๕
checked syllable	พยางค์หยุด	๘ มี.ค. ๒๕๔๕
click	เสียงเดาะ	๘ มี.ค. ๒๕๔๕
close vowel	สระลิ้นยกสูง	๘ มี.ค. ๒๕๔๕
closed glottis	(สภาพ)ช่องเส้นเสียงปิด	๘ มี.ค. ๒๕๔๕
closed syllable	พยางค์ปิด	๘ มี.ค. ๒๕๔๕
closing diphthong	สระประสมเลื่อนขึ้น	๘ มี.ค. ๒๕๔๕
co-articulation	การออกเสียงร่วม	๘ มี.ค. ๒๕๔๕
coalescence	การรวมเสียง	๘ มี.ค. ๒๕๔๕
coalescent assimilation	การรวมเสียงกลมกลืน	๘ มี.ค. ๒๕๔๕
วีโอที (ช่วงเวลาเริ่มเสียงก้อง)	V.O.T (voice-onset time)	๘ มี.ค. ๒๕๔๕
consonant	พยัญชนะ	๘ มี.ค. ๒๕๔๕
constriction	การบีบตัว(ช่องเสียง)	๘ มี.ค. ๒๕๔๕
contiguous dissimilation; juxtapositional dissimilation	การแผกแยกเสียงติดต่อ	๘ มี.ค. ๒๕๔๕
creak	เสียงต่ำลึก	๘ มี.ค. ๒๕๔๕
creaky voice	เสียงพูดต่ำลึก	๘ มี.ค. ๒๕๔๕
cricoid cartilage	กระดูกอ่อนไครคอยด์	๘ มี.ค. ๒๕๔๕
dead syllable	พยางค์ตาย	๘ มี.ค. ๒๕๔๕
dental; dental sound	เสียงจากฟัน, ทันตชะ	๘ มี.ค. ๒๕๔๕
dental sound; dental	เสียงจากฟัน, ทันตชะ	๘ มี.ค. ๒๕๔๕
devoicing	การลดความก้อง	๘ มี.ค. ๒๕๔๕
diacritic	เครื่องหมายเสริมสัทอักษร	๘ มี.ค. ๒๕๔๕
digraph	ทวิอักษร	๘ มี.ค. ๒๕๔๕
diphthong	สระประสมสองเสียง	๘ มี.ค. ๒๕๔๕
dissimilation	การแผกแยก(เสียง)	๘ มี.ค. ๒๕๔๕
distant dissimilation; incontiguous dissimilation	การแผกแยก(เสียง)ไม่ติดต่อ	๘ มี.ค. ๒๕๔๕
dorsum; back of the tongue	ลิ้นส่วนหลัง	๘ มี.ค. ๒๕๔๕
double articulation	การออกเสียงร่วมสองฐาน	๘ มี.ค. ๒๕๔๕
สระลิ้นลดต่ำ	open vowel	๘ มี.ค. ๒๕๔๕
สระกลางลิ้น	central vowel	๘ มี.ค. ๒๕๔๕
สระกึ่งสูง	half-close vowel	๘ มี.ค. ๒๕๔๕
สระกึ่งต่ำ	half-open vowel	๘ มี.ค. ๒๕๔๕
สระคลาย	lax vowel	๘ มี.ค. ๒๕๔๕
สระต่ำ	low vowel	๘ มี.ค. ๒๕๔๕
สระนาสิก	nasal vowel	๘ มี.ค. ๒๕๔๕
สระประสมเลื่อนลง	opening diphthong	๘ มี.ค. ๒๕๔๕
สระประสมเลื่อนขึ้น	closing diphthong	๘ มี.ค. ๒๕๔๕
สระประสมเน้นเสียงแรก	falling diphthong	๘ มี.ค. ๒๕๔๕
สระเกร็ง	tense vowel	๘ มี.ค. ๒๕๔๕
สระเดี่ยว	monophthong	๘ มี.ค. ๒๕๔๕
สระแท้	pure vowel	๘ มี.ค. ๒๕๔๕
สระแนวกลาง	neutral vowel	๘ มี.ค. ๒๕๔๕
สระสั้น	short vowel	๘ มี.ค. ๒๕๔๕
สระสูง	high vowel	๘ มี.ค. ๒๕๔๕
สระหลัง	back vowel	๘ มี.ค. ๒๕๔๕
สระหน้า	front vowel	๘ มี.ค. ๒๕๔๕
สระลิ้นระดับกลาง	mid vowel	๘ มี.ค. ๒๕๔๕
สระลิ้นยกสูง	close vowel	๘ มี.ค. ๒๕๔๕
สระ	vowel	๘ มี.ค. ๒๕๔๕
สระเสียงขึ้นจมูก	nasalized vowel	๘ มี.ค. ๒๕๔๕
สระยาว	long vowel	๘ มี.ค. ๒๕๔๕
สระมาตรฐานชุดรอง	secondary cardinal vowels	๘ มี.ค. ๒๕๔๕
สระมาตรฐานชุดหลัก	primary cardinal vowels	๘ มี.ค. ๒๕๔๕
สระประสมเน้นเสียงหลัง	rising diphthong	๘ มี.ค. ๒๕๔๕
สระประสมสองเสียง	diphthong	๘ มี.ค. ๒๕๔๕
สระประสมสามเสียง	triphthong	๘ มี.ค. ๒๕๔๕
สระปรกติ	oral vowel	๘ มี.ค. ๒๕๔๕
สระปากเหยียด	unrounded vowel	๘ มี.ค. ๒๕๔๕
สระปากห่อ	rounded vowel	๘ มี.ค. ๒๕๔๕
สรีรสัทศาสตร์	articulatory phonetics	๘ มี.ค. ๒๕๔๕
สมาคมสัทศาสตร์สากล	International Phonetic Association	๘ มี.ค. ๒๕๔๕
(สภาพ)ช่องเส้นเสียงเปิดแคบ	narrowed glottis	๘ มี.ค. ๒๕๔๕
(สภาพ)ช่องเส้นเสียงเปิดกว้าง	open glottis	๘ มี.ค. ๒๕๔๕
(สภาพ)ช่องเส้นเสียงสั่น	glottis in vibration	๘ มี.ค. ๒๕๔๕
(สภาพ)ช่องเส้นเสียงปิด	closed glottis	๘ มี.ค. ๒๕๔๕
สเปกตรัม, แถบภาพ(เสียง)	spectrum	๘ มี.ค. ๒๕๔๕
สวนสัทศาสตร์ [สะ-วะ-นะ-สัด-ทะ-สาด], กลสัทศาสตร์	acoustic phonetics	๘ มี.ค. ๒๕๔๕
egressive airstream	กระแสลมออก	๘ มี.ค. ๒๕๔๕
ejective	เสียงกักเส้นเสียงลมออก	๘ มี.ค. ๒๕๔๕
electromyograph	เครื่องวัดคลื่นไฟฟ้ากล้ามเนื้อ, อิเล็กทรอไมโอกราฟ	๘ มี.ค. ๒๕๔๕
elision	การตัดเสียง	๘ มี.ค. ๒๕๔๕
สัทสภาพ	voice quality	๘ มี.ค. ๒๕๔๕
สัทสมบัติ	sound quality	๘ มี.ค. ๒๕๔๕
สัทสัมพันธ์	prosody	๘ มี.ค. ๒๕๔๕
สัทศาสตร์	phonetics	๘ มี.ค. ๒๕๔๕
สัทศาสตร์อุปกรณ์	instrumental phonetics	๘ มี.ค. ๒๕๔๕
สัทศาสตร์ทดลอง	experimental phonetics	๘ มี.ค. ๒๕๔๕
สัทศาสตร์ปฏิบัติการ	laboratory phonetics	๘ มี.ค. ๒๕๔๕
สัทอักษร	phonetic alphabet	๘ มี.ค. ๒๕๔๕
สัทอักษรสากล (ไอพีเอ)	International Phonetic Alphabet (I.P.A.)	๘ มี.ค. ๒๕๔๕
สัทลักษณ์	phonetic feature	๘ มี.ค. ๒๕๔๕
epenthesis	การแทรกเสียง	๘ มี.ค. ๒๕๔๕
epiglottis	ลิ้นปิดกล่องเสียง	๘ มี.ค. ๒๕๔๕
esophageal cavity; oesophageal cavity	ช่องหลอดอาหาร	๘ มี.ค. ๒๕๔๕
esophageal speech; oesophageal speech	การพูดด้วยลมช่องหลอดอาหาร	๘ มี.ค. ๒๕๔๕
experimental phonetics	สัทศาสตร์ทดลอง	๘ มี.ค. ๒๕๔๕
หลอดลม	trachea	๘ มี.ค. ๒๕๔๕
หลังปุ่มเหงือก	post-alveolar	๘ มี.ค. ๒๕๔๕
หน้าเพดานแข็ง	pre-palatal	๘ มี.ค. ๒๕๔๕
fall-rise intonation	ทำนองเสียงลง-ขึ้น	๘ มี.ค. ๒๕๔๕
falling diphthong	สระประสมเน้นเสียงแรก	๘ มี.ค. ๒๕๔๕
falling intonation	ทำนองเสียงลง	๘ มี.ค. ๒๕๔๕
false vocal chords; false vocal cords; false vocal folds; ventricular folds	เส้นเสียงไม่แท้	๘ มี.ค. ๒๕๔๕
false vocal cords; false vocal chords; false vocal folds; ventricular folds	เส้นเสียงไม่แท้	๘ มี.ค. ๒๕๔๕
false vocal folds; false vocal chords; false vocal cords; ventricular folds	เส้นเสียงไม่แท้	๘ มี.ค. ๒๕๔๕
flap; flap sound	เสียงลิ้นสะบัด	๘ มี.ค. ๒๕๔๕
flap sound; flap	เสียงลิ้นสะบัด	๘ มี.ค. ๒๕๔๕
formant	กลุ่มความถี่สั่นพ้อง(ของช่องเสียง)	๘ มี.ค. ๒๕๔๕
formant frequency	ความถี่สั่นพ้อง(ของช่องเสียง)	๘ มี.ค. ๒๕๔๕
frequency	ความถี่	๘ มี.ค. ๒๕๔๕
fricative; fricative sound	เสียงเสียดแทรก	๘ มี.ค. ๒๕๔๕
fricative sound; fricative	เสียงเสียดแทรก	๘ มี.ค. ๒๕๔๕
frictionless continuant sound; frictionless continuant	เสียงต่อเนื่องไม่เสียดแทรก	๘ มี.ค. ๒๕๔๕
frictionless continuant; frictionless continuant sound	เสียงต่อเนื่องไม่เสียดแทรก	๘ มี.ค. ๒๕๔๕
front of the tongue	ลิ้นส่วนหน้า	๘ มี.ค. ๒๕๔๕
front vowel	สระหน้า	๘ มี.ค. ๒๕๔๕
fundamental frequency	ความถี่มูลฐาน	๘ มี.ค. ๒๕๔๕
glide	เสียงเลื่อน	๘ มี.ค. ๒๕๔๕
glottal; glottal sound	เสียงจากเส้นเสียง	๘ มี.ค. ๒๕๔๕
glottal constriction	การบีบตัวที่เส้นเสียง	๘ มี.ค. ๒๕๔๕
glottal sound; glottal	เสียงจากเส้นเสียง	๘ มี.ค. ๒๕๔๕
glottalic airstream mechanism	กลไกกระแสลมจากเส้นเสียง	๘ มี.ค. ๒๕๔๕
glottalization	ลักษณะการบีบเส้นเสียง	๘ มี.ค. ๒๕๔๕
glottalized sound	เสียงบีบที่เส้นเสียง	๘ มี.ค. ๒๕๔๕
glottis	ช่องเส้นเสียง	๘ มี.ค. ๒๕๔๕
glottis in vibration	(สภาพ)ช่องเส้นเสียงสั่น	๘ มี.ค. ๒๕๔๕
glottograph; laryngograph	เครื่องวัดเส้นเสียงสั่น	๘ มี.ค. ๒๕๔๕
groove fricative; groove fricative sound	เสียงเสียดแทรกแบบร่อง	๘ มี.ค. ๒๕๔๕
groove fricative sound; groove fricative	เสียงเสียดแทรกแบบร่อง	๘ มี.ค. ๒๕๔๕
gum ridge; alveolar ridge	แนวปุ่มเหงือก	๘ มี.ค. ๒๕๔๕
half-open vowel	สระกึ่งต่ำ	๘ มี.ค. ๒๕๔๕
half-close vowel	สระกึ่งสูง	๘ มี.ค. ๒๕๔๕
hard palate	เพดานแข็ง	๘ มี.ค. ๒๕๔๕
harmonic	ฮาร์มอนิก, ทวีคูณความถี่	๘ มี.ค. ๒๕๔๕
high vowel	สระสูง	๘ มี.ค. ๒๕๔๕
homorganic	ฐานกรณ์ร่วม	๘ มี.ค. ๒๕๔๕
I.P.A. (International Phonetic Alphabet)	ไอพีเอ (สัทอักษรสากล)	๘ มี.ค. ๒๕๔๕
อรรธสระ, เสียงกึ่งสระ	semi-vowel sound; semi-vowel	๘ มี.ค. ๒๕๔๕
อวัยวะออกเสียง	speech organ; vocal organ	๘ มี.ค. ๒๕๔๕
implosive	เสียงกักเส้นเสียงลมเข้า	๘ มี.ค. ๒๕๔๕
impressionistic transcription	การถอดเสียงไม่จำกัดสัญลักษณ์	๘ มี.ค. ๒๕๔๕
incontiguous dissimilation; distant dissimilation	การแผก(เสียง)ไม่ติดต่อ	๘ มี.ค. ๒๕๔๕
ingressive airstream	กระแสลมเข้า	๘ มี.ค. ๒๕๔๕
initiator	แหล่งกระแสลม	๘ มี.ค. ๒๕๔๕
initiation	การกำเนิดลม	๘ มี.ค. ๒๕๔๕
instrumental phonetics	สัทศาสตร์อุปกรณ์	๘ มี.ค. ๒๕๔๕
interdental; interdental sound	เสียงลิ้นระหว่างฟัน	๘ มี.ค. ๒๕๔๕
interdental sound; interdental	เสียงลิ้นระหว่างฟัน	๘ มี.ค. ๒๕๔๕
International Phonetic Alphabet (I.P.A.)	สัทอักษรสากล (ไอพีเอ)	๘ มี.ค. ๒๕๔๕
International Phonetic Association	สมาคมสัทศาสตร์สากล	๘ มี.ค. ๒๕๔๕
intonation	ทำนองเสียง	๘ มี.ค. ๒๕๔๕
intervocalic	(เสียง)ระหว่างสระ	๘ มี.ค. ๒๕๔๕
ฮาร์มอนิก, ทวีคูณความถี่	harmonic	๘ มี.ค. ๒๕๔๕
อิเล็กทรอไมโอกราฟ, เครื่องวัดคลื่นไฟฟ้ากล้ามเนื้อ	electromyograph	๘ มี.ค. ๒๕๔๕
juxtapositional dissimilation; contiguous dissimilation	การแผกแยก(เสียง)ติดต่อ	๘ มี.ค. ๒๕๔๕
labial sound; bilabial; bilabial sound; labial	เสียงจากริมฝีปาก, โอษฐชะ	๘ มี.ค. ๒๕๔๕
labialization	ลักษณะการห่อปาก	๘ มี.ค. ๒๕๔๕
labio-dental; labio-dental sound	เสียงจากริมฝีปากกับฟัน	๘ มี.ค. ๒๕๔๕
labio-dental sound; labio-dental	เสียงจากริมฝีปากกับฟัน	๘ มี.ค. ๒๕๔๕
laboratory phonetics	สัทศาสตร์ปฏิบัติการ	๘ มี.ค. ๒๕๔๕
labial; bilabial; bilabial sound; labial sound	เสียงจากริมฝีปาก, โอษฐชะ	๘ มี.ค. ๒๕๔๕
lamina; blade; blade of the tongue; tongue blade	ลิ้นส่วนปลาย, ปลายลิ้น	๘ มี.ค. ๒๕๔๕
laminal; laminal sound	เสียงใช้ปลายลิ้น	๘ มี.ค. ๒๕๔๕
laminal sound; laminal	เสียงใช้ปลายลิ้น	๘ มี.ค. ๒๕๔๕
lamino-alveolar; lamino-alveolar sound	เสียงจากปุ่มเหงือกกับปลายลิ้น	๘ มี.ค. ๒๕๔๕
lamino-alveolar sound; lamino-alveolar	เสียงจากปุ่มเหงือกกับปลายลิ้น	๘ มี.ค. ๒๕๔๕
lamino-dental; lamino-dental sound	เสียงจากฟันกับปลายลิ้น	๘ มี.ค. ๒๕๔๕
lamino-dental sound; lamino-dental	เสียงจากฟันกับปลายลิ้น	๘ มี.ค. ๒๕๔๕
laryngograph; glottograph	เครื่องวัดเส้นเสียงสั่น	๘ มี.ค. ๒๕๔๕
larynx	กล่องเสียง	๘ มี.ค. ๒๕๔๕
lateral; lateral sound	เสียงข้างลิ้น	๘ มี.ค. ๒๕๔๕
lateral approximant; lateral approximant sound	เสียงเปิดข้างลิ้น	๘ มี.ค. ๒๕๔๕
lateral approximant sound; lateral approximant	เสียงเปิดข้างลิ้น	๘ มี.ค. ๒๕๔๕
lateral fricative; lateral fricative sound	เสียงเสียดแทรกข้างลิ้น	๘ มี.ค. ๒๕๔๕
lateral fricative sound; lateral fricative	เสียงเสียดแทรกข้างลิ้น	๘ มี.ค. ๒๕๔๕
lateral sound; lateral	เสียงข้างลิ้น	๘ มี.ค. ๒๕๔๕
lax vowel	สระคลาย	๘ มี.ค. ๒๕๔๕
length	ความยาว	๘ มี.ค. ๒๕๔๕
level intonation	ทำนองเสียงคงระดับ	๘ มี.ค. ๒๕๔๕
liquid consonant; liquid	พยัญชนะเหลว	๘ มี.ค. ๒๕๔๕
liquid; liquid consonant	พยัญชนะเหลว	๘ มี.ค. ๒๕๔๕
live syllable	พยางค์เป็น	๘ มี.ค. ๒๕๔๕
long vowel	สระยาว	๘ มี.ค. ๒๕๔๕
loudness	ความดัง	๘ มี.ค. ๒๕๔๕
low vowel	สระต่ำ	๘ มี.ค. ๒๕๔๕
lower lip	ริมฝีปากล่าง	๘ มี.ค. ๒๕๔๕
lung	ปอด	๘ มี.ค. ๒๕๔๕
manner of articulation	ลักษณะการออกเสียง	๘ มี.ค. ๒๕๔๕
mid vowel	สระลิ้นระดับกลาง	๘ มี.ค. ๒๕๔๕
monophthong	สระเดี่ยว	๘ มี.ค. ๒๕๔๕
nasal cavity	ช่องจมูก	๘ มี.ค. ๒๕๔๕
narrow transcription	การถอดเสียงแบบละเอียด	๘ มี.ค. ๒๕๔๕
narrowed glottis	(สภาพ)ช่องเส้นเสียงเปิดแคบ	๘ มี.ค. ๒๕๔๕
nasal; nasal sound; nasal stop; nasal stop sound	เสียงนาสิก	๘ มี.ค. ๒๕๔๕
nasal sound; nasal; nasal stop; nasal stop sound	เสียงนาสิก	๘ มี.ค. ๒๕๔๕
nasal stop; nasal; nasal sound; nasal stop sound	เสียงนาสิก	๘ มี.ค. ๒๕๔๕
nasal stop sound; nasal; nasal sound; nasal stop	เสียงนาสิก	๘ มี.ค. ๒๕๔๕
nasal vowel	สระนาสิก	๘ มี.ค. ๒๕๔๕
nasalization	ลักษณะการออกเสียงขึ้นจมูก	๘ มี.ค. ๒๕๔๕
nasalized vowel	สระเสียงขึ้นจมูก	๘ มี.ค. ๒๕๔๕
natural frequency	ความถี่ธรรมชาติ	๘ มี.ค. ๒๕๔๕
neutral vowel	สระแนวกลาง	๘ มี.ค. ๒๕๔๕
non-checked syllable; smooth syllable	พยางค์ไม่หยุด	๘ มี.ค. ๒๕๔๕
non-sibilant; non-sibilant sound	เสียงเสียดแทรกไม่อุสุม	๘ มี.ค. ๒๕๔๕
non-sibilant sound; non-sibilant	เสียงเสียดแทรกไม่อุสุม	๘ มี.ค. ๒๕๔๕
occlusion	การกลั้น	๘ มี.ค. ๒๕๔๕
occlusive; occlusive sound	เสียงกลั้น	๘ มี.ค. ๒๕๔๕
occlusive sound; occlusive	เสียงกลั้น	๘ มี.ค. ๒๕๔๕
oesophageal cavity; esophageal cavity	ช่องหลอดอาหาร	๘ มี.ค. ๒๕๔๕
oesophageal speech; esophageal speech	การพูดด้วยลมช่องหลอดอาหาร	๘ มี.ค. ๒๕๔๕
open glottis	(สภาพ)ช่องเส้นเสียงเปิดกว้าง	๘ มี.ค. ๒๕๔๕
open syllable	พยางค์เปิด	๘ มี.ค. ๒๕๔๕
open vowel	สระลิ้นลดต่ำ	๘ มี.ค. ๒๕๔๕
opening diphthong	สระประสมเลื่อนลง	๘ มี.ค. ๒๕๔๕
oral cavity	ช่องปาก	๘ มี.ค. ๒๕๔๕
oral stop; oral stop sound; stop; stop sound	เสียงหยุด	๘ มี.ค. ๒๕๔๕
oral stop sound; oral stop; stop; stop sound	เสียงหยุด	๘ มี.ค. ๒๕๔๕
oral vowel	สระปรกติ	๘ มี.ค. ๒๕๔๕
palatal; palatal sound	เสียงจากเพดานแข็ง, ตาลุชะ	๘ มี.ค. ๒๕๔๕
palatal sound; palatal	เสียงจากเพดานแข็ง, ตาลุชะ	๘ มี.ค. ๒๕๔๕
palatalization	ลักษณะลิ้นส่วนหน้าสู่เพดานแข็ง	๘ มี.ค. ๒๕๔๕
palato-alveolar; palato-alveolar sound	เสียงจากปุ่มเหงือกเพดานแข็ง	๘ มี.ค. ๒๕๔๕
palato-alveolar sound; palato-alveolar	เสียงจากปุ่มเหงือกเพดานแข็ง	๘ มี.ค. ๒๕๔๕
passive articulator	ฐาน	๘ มี.ค. ๒๕๔๕
pharyngal; pharyngal sound; pharyngeal; pharyngeal sound	เสียงจากช่องคอ	๘ มี.ค. ๒๕๔๕
pharyngal sound; pharyngal; pharyngeal; pharyngeal sound	เสียงจากช่องคอ	๘ มี.ค. ๒๕๔๕
pharyngalization	ลักษณะโคนลิ้นสู่ผนังคอ	๘ มี.ค. ๒๕๔๕
pharyngeal; pharyngal; pharyngal sound; pharyngeal sound	เสียงจากช่องคอ	๘ มี.ค. ๒๕๔๕
pharyngeal cavity	ช่องคอ	๘ มี.ค. ๒๕๔๕
pharyngeal sound; pharyngal; pharyngal sound; pharyngeal	เสียงจากช่องคอ	๘ มี.ค. ๒๕๔๕
pharyngeal wall	ผนังคอ	๘ มี.ค. ๒๕๔๕
phonation	การเปล่งเสียงพูด	๘ มี.ค. ๒๕๔๕
phonation type	ลักษณะเสียงพูด	๘ มี.ค. ๒๕๔๕
phone	เสียง	๘ มี.ค. ๒๕๔๕
phonemic transcription	การถอดเสียงแสดงหน่วยเสียง	๘ มี.ค. ๒๕๔๕
phonetic alphabet	สัทอักษร	๘ มี.ค. ๒๕๔๕
phonetic feature	สัทลักษณ์	๘ มี.ค. ๒๕๔๕
phonetic similarity	ความคล้ายคลึงทางสัทลักษณ์	๘ มี.ค. ๒๕๔๕
phonetic transcription; allophonic transcription	การถอดเสียงแสดงสัทลักษณ์	๘ มี.ค. ๒๕๔๕
phonetics	สัทศาสตร์	๘ มี.ค. ๒๕๔๕
pitch	ระดับเสียง	๘ มี.ค. ๒๕๔๕
pitch meter	เครื่องวัดระดับเสียง	๘ มี.ค. ๒๕๔๕
place of articulation; point of articulation	ตำแหน่งเกิดเสียง	๘ มี.ค. ๒๕๔๕
plosive; plosive sound	เสียงระเบิด	๘ มี.ค. ๒๕๔๕
plosive sound; plosive	เสียงระเบิด	๘ มี.ค. ๒๕๔๕
point of articulation; place of articulation	ตำแหน่งเกิดเสียง	๘ มี.ค. ๒๕๔๕
post-alveolar	หลังปุ่มเหงือก	๘ มี.ค. ๒๕๔๕
pre-palatal	หน้าเพดานแข็ง	๘ มี.ค. ๒๕๔๕
primary cardinal vowels	สระมาตรฐานชุดหลัก	๘ มี.ค. ๒๕๔๕
progressive assimilation	การกลมกลืนตามเสียงหน้า	๘ มี.ค. ๒๕๔๕
prominence	ความเด่นชัด	๘ มี.ค. ๒๕๔๕
prosody	สัทสัมพันธ์	๘ มี.ค. ๒๕๔๕
pulmonic airstream mechanism	กลไกกระแสลมจากปอด	๘ มี.ค. ๒๕๔๕
pure vowel	สระแท้	๘ มี.ค. ๒๕๔๕
reciprocal assimilation	การกลมกลืนกันและกัน	๘ มี.ค. ๒๕๔๕
regressive assimilation	การกลมกลืนตามเสียงหลัง	๘ มี.ค. ๒๕๔๕
release	การปล่อย	๘ มี.ค. ๒๕๔๕
resonance	การสั่นพ้อง	๘ มี.ค. ๒๕๔๕
resonant frequency	ความถี่สั่นพ้อง	๘ มี.ค. ๒๕๔๕
retroflex sound; retroflex	เสียงปลายลิ้นม้วน	๘ มี.ค. ๒๕๔๕
retroflex; retroflex sound	เสียงปลายลิ้นม้วน	๘ มี.ค. ๒๕๔๕
rise-fall intonation	ทำนองเสียงขึ้น-ลง	๘ มี.ค. ๒๕๔๕
rising diphthong	สระประสมเน้นเสียงหลัง	๘ มี.ค. ๒๕๔๕
rising intonation	ทำนองเสียงขึ้น	๘ มี.ค. ๒๕๔๕
roll; roll sound; trill; trill sound	เสียงรัว	๘ มี.ค. ๒๕๔๕
roll sound; roll; trill; trill sound	เสียงรัว	๘ มี.ค. ๒๕๔๕
root of the tongue	โคนลิ้น	๘ มี.ค. ๒๕๔๕
rounded vowel	สระปากห่อ	๘ มี.ค. ๒๕๔๕
secondary cardinal vowels	สระมาตรฐานชุดรอง	๘ มี.ค. ๒๕๔๕
secondary articulation	การออกเสียงรอง	๘ มี.ค. ๒๕๔๕
semi-vowel; semi-vowel sound	เสียงกึ่งสระ, อรรธสระ	๘ มี.ค. ๒๕๔๕
semi-vowel sound; semi-vowel	เสียงกึ่งสระ, อรรธสระ	๘ มี.ค. ๒๕๔๕
short vowel	สระสั้น	๘ มี.ค. ๒๕๔๕
sibilant; sibilant sound	เสียงเสียดแทรกอุสุม	๘ มี.ค. ๒๕๔๕
sibilant sound; sibilant	เสียงเสียดแทรกอุสุม	๘ มี.ค. ๒๕๔๕
similitude	การสอดคล้องตามกัน(ของเสียง)	๘ มี.ค. ๒๕๔๕
slit fricative; slit fricative sound	เสียงเสียดแทรกแบบราบ	๘ มี.ค. ๒๕๔๕
slit fricative sound; slit fricative	เสียงเสียดแทรกแบบราบ	๘ มี.ค. ๒๕๔๕
smooth syllable; non-checked syllable	พยางค์ไม่หยุด	๘ มี.ค. ๒๕๔๕
soft palate; velum	เพดานอ่อน	๘ มี.ค. ๒๕๔๕
sonority	พลังประจำเสียง	๘ มี.ค. ๒๕๔๕
sound quality	สัทสมบัติ	๘ มี.ค. ๒๕๔๕
sound spectrograph	เครื่องวิเคราะห์คลื่นเสียง	๘ มี.ค. ๒๕๔๕
spectrum	สเปกตรัม, แถบภาพ(เสียง)	๘ มี.ค. ๒๕๔๕
speech organ; vocal organ	อวัยวะออกเสียง	๘ มี.ค. ๒๕๔๕
stop; oral stop; oral stop sound; stop sound	เสียงหยุด	๘ มี.ค. ๒๕๔๕
stop sound; oral stop; oral stop sound; stop	เสียงหยุด	๘ มี.ค. ๒๕๔๕
stress	การเน้น(พยางค์)	๘ มี.ค. ๒๕๔๕
stricture	การบีบบังคับ(กระแสลม)	๘ มี.ค. ๒๕๔๕
stricture of close approximation	การบีบบังคับ(กระแสลม)เปิดแคบ	๘ มี.ค. ๒๕๔๕
stricture of complete closure	การบีบบังคับ(กระแสลม)ปิดสนิท	๘ มี.ค. ๒๕๔๕
stricture of intermitten closure	การบีบบังคับ(กระแสลม)ปิด ๆ เปิด ๆ	๘ มี.ค. ๒๕๔๕
stricture of open approximation	การบีบบังคับ(กระแสลม)เปิดกว้าง	๘ มี.ค. ๒๕๔๕
stricture of partial closure	การบีบบังคับ(กระแสลม)ปิดบางส่วน	๘ มี.ค. ๒๕๔๕
syllable	พยางค์	๘ มี.ค. ๒๕๔๕
systematic transcription	การถอดเสียงจำกัดสัญลักษณ์	๘ มี.ค. ๒๕๔๕
tap; tap sound	เสียงลิ้นกระทบ	๘ มี.ค. ๒๕๔๕
tap sound; tap	เสียงลิ้นกระทบ	๘ มี.ค. ๒๕๔๕
tempo	ความเร็ว	๘ มี.ค. ๒๕๔๕
tense vowel	สระเกร็ง	๘ มี.ค. ๒๕๔๕
thyroid cartilage	กระดูกอ่อนไทรอยด์	๘ มี.ค. ๒๕๔๕
tip of the tongue; apex; tongue tip	ปลายสุดลิ้น	๘ มี.ค. ๒๕๔๕
tone	วรรณยุกต์	๘ มี.ค. ๒๕๔๕
tongue blade; blade; blade of the tongue; lamina	ลิ้นส่วนปลาย, ปลายลิ้น	๘ มี.ค. ๒๕๔๕
tongue tip; apex; tip of the tongue	ปลายสุดลิ้น	๘ มี.ค. ๒๕๔๕
trachea	หลอดลม	๘ มี.ค. ๒๕๔๕
transcription	การถอดเสียง	๘ มี.ค. ๒๕๔๕
trill; roll; roll sound; trill sound	เสียงรัว	๘ มี.ค. ๒๕๔๕
trill sound; roll; roll sound; trill	เสียงรัว	๘ มี.ค. ๒๕๔๕
triphthong	สระประสมสามเสียง	๘ มี.ค. ๒๕๔๕
true vocal chords; true vocal cords; true vocal folds	เส้นเสียงแท้	๘ มี.ค. ๒๕๔๕
true vocal cords; true vocal chords; true vocal folds	เส้นเสียงแท้	๘ มี.ค. ๒๕๔๕
true vocal folds; true vocal chords; true vocal cords	เส้นเสียงแท้	๘ มี.ค. ๒๕๔๕
unaspirated affricate; unaspirated affricate sound	เสียงกักเสียดแทรกสิถิล	๘ มี.ค. ๒๕๔๕
unaspirated affricate sound; unaspirated affricate	เสียงกักเสียดแทรกสิถิล	๘ มี.ค. ๒๕๔๕
unaspirated sound; unaspirated	เสียงสิถิล	๘ มี.ค. ๒๕๔๕
unaspirated stop; unaspirated stop sound	เสียงหยุดสิถิล	๘ มี.ค. ๒๕๔๕
unaspirated stop sound; unaspirated stop	เสียงหยุดสิถิล	๘ มี.ค. ๒๕๔๕
unaspirated; unaspirated sound	เสียงสิถิล	๘ มี.ค. ๒๕๔๕
unrounded vowel	สระปากเหยียด	๘ มี.ค. ๒๕๔๕
uvula	ลิ้นไก่	๘ มี.ค. ๒๕๔๕
uvular; uvular sound	เสียงจากลิ้นไก่	๘ มี.ค. ๒๕๔๕
uvular sound; uvular	เสียงจากลิ้นไก่	๘ มี.ค. ๒๕๔๕
V.O.T. (voice-onset time)	วีโอที (ช่วงเวลาเริ่มเสียงก้อง)	๘ มี.ค. ๒๕๔๕
velar; velar sound	เสียงจากเพดานอ่อน	๘ มี.ค. ๒๕๔๕
velar sound; velar	เสียงจากเพดานอ่อน	๘ มี.ค. ๒๕๔๕
velaric airstream mechanism	กลไกกระแสลมจากเพดานอ่อน	๘ มี.ค. ๒๕๔๕
velarization	ลักษณะลิ้นส่วนหลังสู่เพดานอ่อน	๘ มี.ค. ๒๕๔๕
velum; soft palate	เพดานอ่อน	๘ มี.ค. ๒๕๔๕
ventriculat folds; false vocal chords; false vocal cords; false vocal folds	เส้นเสียงไม่แท้	๘ มี.ค. ๒๕๔๕
vocal bands; vocal chords; vocal cords; vocal folds	เส้นเสียง	๘ มี.ค. ๒๕๔๕
vocal chords; vocal bands; vocal cords; vocal folds	เส้นเสียง	๘ มี.ค. ๒๕๔๕
vocal cords; vocal bands; vocal chords; vocal folds	เส้นเสียง	๘ มี.ค. ๒๕๔๕
vocal folds; vocal bands; vocal chords; vocal cords	เส้นเสียง	๘ มี.ค. ๒๕๔๕
vocal organ; speech organ	อวัยวะออกเสียง	๘ มี.ค. ๒๕๔๕
vocal tract	ช่องเสียง	๘ มี.ค. ๒๕๔๕
voice	เสียงพูด	๘ มี.ค. ๒๕๔๕
voice quality	สัทสภาพ	๘ มี.ค. ๒๕๔๕
voice-onset time (V.O.T.)	ช่วงเวลาเริ่มเสียงก้อง (วีโอที)	๘ มี.ค. ๒๕๔๕
voiced sound	เสียงก้อง, เสียงโฆษะ	๘ มี.ค. ๒๕๔๕
voiceless sound	เสียงไม่ก้อง, เสียงอโฆษะ	๘ มี.ค. ๒๕๔๕
vowel	สระ	๘ มี.ค. ๒๕๔๕
whisper	เสียงกระซิบไม่ก้อง	๘ มี.ค. ๒๕๔๕
whispery voice	เสียงพูดกระซิบก้อง	๘ มี.ค. ๒๕๔๕
ลักษณะเสียงพูด	phonation type	๘ มี.ค. ๒๕๔๕
ลักษณะโคนลิ้นสู่ผนังคอ	pharyngalization	๘ มี.ค. ๒๕๔๕
ลักษณะลิ้นส่วนหลังสู่เพดานอ่อน	velarization	๘ มี.ค. ๒๕๔๕
ลักษณะลิ้นส่วนหน้าสู่เพดานแข็ง	palatalization	๘ มี.ค. ๒๕๔๕
ลักษณะการห่อปาก	labialization	๘ มี.ค. ๒๕๔๕
ลักษณะการออกเสียง	manner of articulation	๘ มี.ค. ๒๕๔๕
ลักษณะการออกเสียงขึ้นจมูก	nasalization	๘ มี.ค. ๒๕๔๕
ลักษณะการบีบเส้นเสียง	glottalization	๘ มี.ค. ๒๕๔๕
ลิ้นส่วนหลัง	back of the tongue; dorsum	๘ มี.ค. ๒๕๔๕
ลิ้นส่วนหน้า	front of the tongue	๘ มี.ค. ๒๕๔๕
ลิ้นส่วนปลาย, ปลายลิ้น	blade; blade of the tongue; lamina; tongue blade	๘ มี.ค. ๒๕๔๕
ลิ้นไก่	uvula	๘ มี.ค. ๒๕๔๕
ลิ้นปิดกล่องเสียง	epiglottis	๘ มี.ค. ๒๕๔๕
ลูกกระเดือก	Adam’s apple	๘ มี.ค. ๒๕๔๕
ไอพีเอ (สัทอักษรสากล)	I.P.A. (International Phonetic Alphabet)	๘ มี.ค. ๒๕๔๕
กระแสลมเข้า	ingressive airstream	๘ มี.ค. ๒๕๔๕
กระแสลมออก	egressive airstream	๘ มี.ค. ๒๕๔๕
กระดูกอ่อนแอริทินอยด์	arytenoid cartilage	๘ มี.ค. ๒๕๔๕
กระดูกอ่อนไครคอยด์	cricoid cartilage	๘ มี.ค. ๒๕๔๕
กระดูกอ่อนไทรอยด์	thyroid cartilage	๘ มี.ค. ๒๕๔๕
กระบวนการออกเสียง	articulatory process	๘ มี.ค. ๒๕๔๕
กระบวนการกระแสลม	airstream process	๘ มี.ค. ๒๕๔๕
กรณ์	active articulator	๘ มี.ค. ๒๕๔๕
การรวมเสียง	coalescence	๘ มี.ค. ๒๕๔๕
การรวมเสียงกลมกลืน	coalescent assimilation	๘ มี.ค. ๒๕๔๕
การแทรกเสียง	epenthesis	๘ มี.ค. ๒๕๔๕
การเน้น(พยางค์)	stress	๘ มี.ค. ๒๕๔๕
การเน้น(พยางค์)	stress	๘ มี.ค. ๒๕๔๕
การเปล่งเสียงพูด	phonation	๘ มี.ค. ๒๕๔๕
การแผกแยก(เสียง)	dissimilation	๘ มี.ค. ๒๕๔๕
การแผกแยก(เสียง)	dissimilation	๘ มี.ค. ๒๕๔๕
การแผกแยก(เสียง)ไม่ติดต่อ	distant dissimilation; incontiguous dissimilation	๘ มี.ค. ๒๕๔๕
การแผกแยก(เสียง)ติดต่อ	contiguous dissimilation; juxtapositional dissimilation	๘ มี.ค. ๒๕๔๕
การแผกแยก(เสียง)ไม่ติดต่อ	distant dissimilation; incontiguous dissimilation	๘ มี.ค. ๒๕๔๕
การแผกแยก(เสียง)ติดต่อ	contiguous dissimilation; juxtapositional dissimilation	๘ มี.ค. ๒๕๔๕
การสอดคล้องตามกัน(ของเสียง)	similitude	๘ มี.ค. ๒๕๔๕
การสอดคล้องตามกัน(ของเสียง)	similitude	๘ มี.ค. ๒๕๔๕
การสั่นพ้อง	resonance	๘ มี.ค. ๒๕๔๕
การออกเสียง	articulation	๘ มี.ค. ๒๕๔๕
การออกเสียงร่วม	co-articulation	๘ มี.ค. ๒๕๔๕
การออกเสียงร่วมสองฐาน	double articulation	๘ มี.ค. ๒๕๔๕
การออกเสียงรอง	secondary articulation	๘ มี.ค. ๒๕๔๕
การออกเสียงธนิต	aspiration	๘ มี.ค. ๒๕๔๕
การลงน้ำหนัก	accent; accentuation	๘ มี.ค. ๒๕๔๕
การลดความก้อง	devoicing	๘ มี.ค. ๒๕๔๕
การกำเนิดลม	initiation	๘ มี.ค. ๒๕๔๕
การกลมกลืน(เสียง)	assimilation	๘ มี.ค. ๒๕๔๕
การกลมกลืน(เสียง)	assimilation	๘ มี.ค. ๒๕๔๕
การกลมกลืนกันและกัน	reciprocal assimilation	๘ มี.ค. ๒๕๔๕
การกลมกลืนตามเสียงหลัง	regressive assimilation	๘ มี.ค. ๒๕๔๕
การกลมกลืนตามเสียงหน้า	progressive assimilation	๘ มี.ค. ๒๕๔๕
การกลั้น	occlusion	๘ มี.ค. ๒๕๔๕
การตัดเสียง	elision	๘ มี.ค. ๒๕๔๕
การถอดเสียง	transcription	๘ มี.ค. ๒๕๔๕
การถอดเสียงแสดงสัทลักษณ์	allophonic transcription; phonetic transcription	๘ มี.ค. ๒๕๔๕
การถอดเสียงแสดงหน่วยเสียง	phonemic transcription	๘ มี.ค. ๒๕๔๕
การถอดเสียงแบบละเอียด	narrow transcription	๘ มี.ค. ๒๕๔๕
การถอดเสียงแบบกว้าง	broad transcription	๘ มี.ค. ๒๕๔๕
การถอดเสียงไม่จำกัดสัญลักษณ์	impressionistic transcription	๘ มี.ค. ๒๕๔๕
การถอดเสียงจำกัดสัญลักษณ์	systematic transcription	๘ มี.ค. ๒๕๔๕
การบีบตัว(ช่องเสียง)	constriction	๘ มี.ค. ๒๕๔๕
การบีบตัว(ช่องเสียง)	constriction	๘ มี.ค. ๒๕๔๕
การบีบตัวที่เส้นเสียง	glottal constriction	๘ มี.ค. ๒๕๔๕
การบีบบังคับ(กระแสลม)	stricture	๘ มี.ค. ๒๕๔๕
การบีบบังคับ(กระแสลม)เปิดแคบ	stricture of close approximation	๘ มี.ค. ๒๕๔๕
การบีบบังคับ(กระแสลม)เปิดกว้าง	stricture of open approximation	๘ มี.ค. ๒๕๔๕
การบีบบังคับ(กระแสลม)	stricture	๘ มี.ค. ๒๕๔๕
การบีบบังคับ(กระแสลม)เปิดแคบ	stricture of close approximation	๘ มี.ค. ๒๕๔๕
การบีบบังคับ(กระแสลม)เปิดกว้าง	stricture of open approximation	๘ มี.ค. ๒๕๔๕
การบีบบังคับ(กระแสลม)ปิด ๆ เปิด ๆ	stricture of intermitten closure	๘ มี.ค. ๒๕๔๕
การบีบบังคับ(กระแสลม)ปิดสนิท	stricture of complete closure	๘ มี.ค. ๒๕๔๕
การบีบบังคับ(กระแสลม)ปิดบางส่วน	stricture of partial closure	๘ มี.ค. ๒๕๔๕
การบีบบังคับ(กระแสลม)ปิด ๆ เปิด ๆ	stricture of intermitten closure	๘ มี.ค. ๒๕๔๕
การบีบบังคับ(กระแสลม)ปิดสนิท	stricture of complete closure	๘ มี.ค. ๒๕๔๕
การบีบบังคับ(กระแสลม)ปิดบางส่วน	stricture of partial closure	๘ มี.ค. ๒๕๔๕
การปล่อย	release	๘ มี.ค. ๒๕๔๕
การพูดด้วยลมช่องหลอดอาหาร	esophageal speech; ocsophageal speech	๘ มี.ค. ๒๕๔๕
กล่องเสียง	larynx	๘ มี.ค. ๒๕๔๕
กลสัทศาสตร์, สวนสัทศาสตร์ [สะ-วะ-นะ-สัด-ทะ-สาด]	acoustic phonetics	๘ มี.ค. ๒๕๔๕
กลไกกระแสลม	airstream mechanism	๘ มี.ค. ๒๕๔๕
กลไกกระแสลมจากเส้นเสียง	glottalic airstream mechanism	๘ มี.ค. ๒๕๔๕
กลไกกระแสลมจากเพดานอ่อน	velaric airstream mechanism	๘ มี.ค. ๒๕๔๕
กลไกกระแสลมจากปอด	pulmonic airstream mechanism	๘ มี.ค. ๒๕๔๕
กลุ่มความถี่สั่นพ้อง(ของช่องเสียง)	formant	๘ มี.ค. ๒๕๔๕
กลุ่มความถี่สั่นพ้อง(ของช่องเสียง)	formant	๘ มี.ค. ๒๕๔๕
ความเร็ว	tempo	๘ มี.ค. ๒๕๔๕
ความยาว	length	๘ มี.ค. ๒๕๔๕
ความเด่นชัด	prominence	๘ มี.ค. ๒๕๔๕
ความสูงคลื่นเสียง	amplitude	๘ มี.ค. ๒๕๔๕
ความคล้ายคลึงทางสัทลักษณ์	phonetic similarity	๘ มี.ค. ๒๕๔๕
ความดัง	loudness	๘ มี.ค. ๒๕๔๕
ความถี่	frequency	๘ มี.ค. ๒๕๔๕
ความถี่มูลฐาน	fundamental frequency	๘ มี.ค. ๒๕๔๕
ความถี่สั่นพ้อง	resonant frequency	๘ มี.ค. ๒๕๔๕
ความถี่สั่นพ้อง(ของช่องเสียง)	formant frequency	๘ มี.ค. ๒๕๔๕
ความถี่สั่นพ้อง(ของช่องเสียง)	formant frequency	๘ มี.ค. ๒๕๔๕
ความถี่ธรรมชาติ	natural frequency	๘ มี.ค. ๒๕๔๕
ช่วงเวลาเริ่มเสียงก้อง (วีโอที)	voice-onset time (V.O.T)	๘ มี.ค. ๒๕๔๕
ช่วงลมหายใจ	breath group	๘ มี.ค. ๒๕๔๕
ช่องเส้นเสียง	glottis	๘ มี.ค. ๒๕๔๕
(สภาพ)ช่องเส้นเสียงเปิดแคบ	narrowed glottis	๘ มี.ค. ๒๕๔๕
(สภาพ)ช่องเส้นเสียงเปิดกว้าง	open glottis	๘ มี.ค. ๒๕๔๕
(สภาพ)ช่องเส้นเสียงสั่น	glottis in vibration	๘ มี.ค. ๒๕๔๕
(สภาพ)ช่องเส้นเสียงปิด	closed glottis	๘ มี.ค. ๒๕๔๕
ช่องเสียง	vocal tract	๘ มี.ค. ๒๕๔๕
ช่องหลอดอาหาร	esophageal cavity; oesophageal cavity	๘ มี.ค. ๒๕๔๕
ช่องคอ	pharyngeal cavity	๘ มี.ค. ๒๕๔๕
ช่องจมูก	nasal cavity	๘ มี.ค. ๒๕๔๕
ช่องปาก	oral cavity	๘ มี.ค. ๒๕๔๕
ชุดสระมาตรฐาน	cardinal vowels	๘ มี.ค. ๒๕๔๕
ฐาน	passive articulator	๘ มี.ค. ๒๕๔๕
ฐานกรณ์	articulator	๘ มี.ค. ๒๕๔๕
ฐานกรณ์ร่วม	homorganic	๘ มี.ค. ๒๕๔๕
ตำแหน่งเกิดเสียง	place of articulation; point of articulation	๘ มี.ค. ๒๕๔๕
ตาลุชะ, เสียงจากเพดานแข็ง	palatal sound; palatal	๘ มี.ค. ๒๕๔๕
ทวิอักษร	digraph	๘ มี.ค. ๒๕๔๕
ทวีคูณความถี่, ฮาร์มอนิก	harmonic	๘ มี.ค. ๒๕๔๕
ทันตชะ, เสียงจากฟัน	dental sound; dental	๘ มี.ค. ๒๕๔๕
ทำนองเสียง	intonation	๘ มี.ค. ๒๕๔๕
ทำนองเสียงลง	falling intonation	๘ มี.ค. ๒๕๔๕
ทำนองเสียงลง-ขึ้น	fall-rise intonation	๘ มี.ค. ๒๕๔๕
ทำนองเสียงขึ้น	rising intonation	๘ มี.ค. ๒๕๔๕
ทำนองเสียงขึ้น-ลง	rise-fall intonation	๘ มี.ค. ๒๕๔๕
ทำนองเสียงคงระดับ	level intonation	๘ มี.ค. ๒๕๔๕
ปอด	lung	๘ มี.ค. ๒๕๔๕
ปลายสุดลิ้น	apex; tip of the tongue; tongue tip	๘ มี.ค. ๒๕๔๕
ปลายลิ้น, ลิ้นส่วนปลาย	blade; blade of the tongue; lamina; tongue blade	๘ มี.ค. ๒๕๔๕
ผนังคอ	pharyngeal wall	๘ มี.ค. ๒๕๔๕
พยัญชนะ	consonant	๘ มี.ค. ๒๕๔๕
พยัญชนะเหลว	liquid consonant; liquid	๘ มี.ค. ๒๕๔๕
พยางค์	syllable	๘ มี.ค. ๒๕๔๕
พยางค์เป็น	live syllable	๘ มี.ค. ๒๕๔๕
พยางค์เปิด	open syllable	๘ มี.ค. ๒๕๔๕
พยางค์หยุด	checked syllable	๘ มี.ค. ๒๕๔๕
พยางค์ไม่หยุด	non-checked syllable; smooth syllable	๘ มี.ค. ๒๕๔๕
พยางค์ตาย	dead syllable	๘ มี.ค. ๒๕๔๕
พยางค์ปิด	closed syllable	๘ มี.ค. ๒๕๔๕
พลังลมฉับพลัน	burst	๘ มี.ค. ๒๕๔๕
พลังประจำเสียง	sonority	๘ มี.ค. ๒๕๔๕
